{
  "users":[
    {
      "id": 1,
      "name": "Danilo Filitto",
      "email": "danilo.filitto@gmail.com",
      "xp": 0,
      "highscore":0
    }
  ],

  "words":[
    {
      "id": 1,
      "world": "Two",
      "translation": "Dois",
      "categories": "Numbers" 
    }
  ],

  "categories": [
    {
      "id": 1,
      "name": "Families",
      "image": "https://dfilitto.com.br/wp-content/uploads/2020/03/logo-menor.png"
    },
    {
      "id": 2,
      "name": "Numbers",
      "image": "https://dfilitto.com.br/wp-content/uploads/2020/03/logo-menor.png"
    },
    {
      "name": "colors",
      "image": "https://dfilitto.com.br/wp-content/uploads/2020/03/logo-menor.png",
      "id": 3
    }
  ]
}